fecha,taxi_verde_williamsburg,uber_williamsburg,uber_midtown
2024-06-01,291.4,339938.85,162255.1
2024-06-02,480.02,254645.27,113694.65
2024-06-03,0.0,106596.77,280473.49
2024-06-04,72.3,105553.5,408520.92
2024-06-05,88.96000000000001,124873.13,477617.8
2024-06-06,131.0,143441.55,526480.68
2024-06-07,94.21,181570.27,291620.51
2024-06-08,468.6,277873.96,175550.56
2024-06-09,639.2,238737.35,114525.05
2024-06-10,50.64,115884.83,305391.58
2024-06-11,33.6,107548.93000000001,403741.7
2024-06-12,15.12,133586.34,460147.88
2024-06-13,158.34,159297.22,468369.84
2024-06-14,192.32999999999998,189532.27,291691.5
2024-06-15,528.96,346016.89,159296.83
2024-06-16,488.15999999999997,297273.13,144798.47
2024-06-17,28.6,108777.47,278085.71
2024-06-18,0.0,115344.29,412982.71
2024-06-19,84.57,139040.31,223314.82
2024-06-20,144.8,137358.66,405325.31
2024-06-21,78.01,172953.6,281972.82
2024-06-22,318.96,260825.81,176189.02
2024-06-23,697.92,223479.11000000002,157852.54
2024-06-24,42.15,108027.26,299420.53
2024-06-25,100.66,112746.99,431665.7
2024-06-26,33.54,140142.93,553157.62
2024-06-27,39.88,145404.58,451662.91
2024-06-28,112.12,174661.12,246050.37
2024-06-29,417.46999999999997,264561.93,156962.29
2024-06-30,289.74,230164.91,143306.39
2024-07-01,78.61,106954.17,217656.2
2024-07-02,0.0,96240.35,254400.18
2024-07-03,55.260000000000005,122511.14,185012.43
2024-07-04,254.84,177437.31,93629.6
2024-07-05,196.29,142982.72,144385.91
2024-07-06,167.07999999999998,162769.31,143087.21
2024-07-07,519.57,161113.94,138488.6
2024-07-08,28.0,94447.03,261877.44
2024-07-09,68.15,99137.89,369381.77
2024-07-10,61.85,120108.2,405516.97000000003
2024-07-11,20.64,132958.59,428265.17
2024-07-12,181.92000000000002,147924.2,244992.49
2024-07-13,180.3,228803.84,169283.92
2024-07-14,205.14999999999998,231410.62,146761.8
2024-07-15,32.8,115703.79,283704.84
2024-07-16,0.0,116570.91,454771.41
2024-07-17,162.11,157220.1,520156.14
2024-07-18,198.93,149395.66,450468.64
2024-07-19,121.95,161390.67,267397.12
2024-07-20,495.92,251845.25,171225.86000000002
2024-07-21,387.57,220567.15,153951.73
2024-07-22,22.48,102417.01,273202.12
2024-07-23,0.0,110346.24,364352.57
2024-07-24,135.95,128170.96,399037.04
2024-07-25,258.35,135903.14,407645.71
2024-07-26,232.3,171986.26,245763.72
2024-07-27,499.45,238434.78,172049.05
2024-07-28,641.12,200370.99,150953.37
2024-07-29,22.62,99675.06,257819.74
2024-07-30,162.62,105011.69,353869.08
2024-07-31,40.8,126628.34,409720.51
2024-08-01,20.04,132147.09,378304.57
2024-08-02,142.72,165262.92,254552.77
2024-08-03,261.44,243577.24,200364.33
2024-08-04,248.68,186291.2,151407.42
2024-08-05,145.76,109615.64,247477.08
2024-08-06,0.0,125400.06,483142.29
2024-08-07,41.55,119280.21,409348.64
2024-08-08,37.2,138921.05,393579.96
2024-08-09,154.28,144831.58,220159.1
2024-08-10,530.69,222452.95,159527.13
2024-08-11,520.0799999999999,210617.5,106068.61
2024-08-12,61.78,92771.71,216176.96
2024-08-13,57.0,87000.97,278852.38
2024-08-14,104.68,109774.75,319547.94
2024-08-15,117.68,126028.79,322544.88
2024-08-16,244.7,154118.87,200566.9
2024-08-17,630.54,235275.04,142982.22
2024-08-18,399.45,214274.65,132526.87
2024-08-19,79.71000000000001,124396.36,190042.22
2024-08-20,83.76,99316.57,257745.31
2024-08-21,99.42,109813.46,296025.79
2024-08-22,224.44,132814.41,301927.82
2024-08-23,297.56,146918.49,188041.34000000003
2024-08-24,554.15,215337.37,141758.88
2024-08-25,750.36,183481.43,139268.42
2024-08-26,127.69999999999999,93561.26,202973.37
2024-08-27,0.0,98165.06,264267.9
2024-08-28,24.36,129547.11,289411.1
2024-08-29,65.6,132089.78,273453.44
2024-08-30,85.92,161967.18,199312.02
2024-08-31,178.34,197993.88,171952.64
2024-09-01,176.82,195157.62,160304.93
2024-09-02,241.51,145405.87,140716.56
2024-09-03,78.72,96564.1,288847.36
2024-09-04,73.8,106698.26,397762.29
2024-09-05,171.23000000000002,133252.54,477680.53
2024-09-06,161.44,164982.49,329405.76
2024-09-07,278.51,246495.91,200696.83
2024-09-08,395.12,225723.47,180251.1
2024-09-09,9.0,119845.32,323200.88
2024-09-10,42.900000000000006,111919.92,423533.87
2024-09-11,122.43,124267.6,444865.07
2024-09-12,174.63,140311.04,488622.76
2024-09-13,180.34,167087.82,277989.69
2024-09-14,766.14,260968.57,183065.73
2024-09-15,669.4399999999999,236352.14,155638.65
2024-09-16,147.24,106908.54,268739.13
2024-09-17,30.96,121710.88,399084.69
2024-09-18,129.88,121034.98,456942.88
2024-09-19,309.4,140212.02,477039.4
2024-09-20,308.4,183373.6,278047.5
2024-09-21,549.75,279107.61,178074.98
2024-09-22,533.84,229719.99,152696.9
2024-09-23,51.06,116597.54,261572.28
2024-09-24,169.78,118302.43000000001,348964.78
2024-09-25,20.87,115885.5,422176.88
2024-09-26,57.57,147205.21,452291.33
2024-09-27,193.75,168752.31,292327.05
2024-09-28,628.87,358447.4,216461.7
2024-09-29,720.29,271921.96,184944.2
2024-09-30,57.18,108130.07,291038.56
2024-10-01,78.16,106533.91,416636.99
2024-10-02,0.0,103873.37,403105.76
2024-10-03,0.0,118168.3,341808.11
2024-10-04,104.48,145125.49,234629.59
2024-10-05,519.3,255862.03,186707.66999999998
2024-10-06,834.8199999999999,208924.44,127608.69
2024-10-07,76.75,101243.82,283144.07
2024-10-08,23.4,101219.57,405692.86
2024-10-09,27.54,113868.42,481605.51
2024-10-10,101.99000000000001,146688.88,517593.44
2024-10-11,66.78,153088.06,292773.18
2024-10-12,257.36,244816.68,186874.71
2024-10-13,507.09000000000003,209743.74,157796.28
2024-10-14,77.4,111901.41,232626.04
2024-10-15,34.88,106094.57,398511.37
2024-10-16,63.99999999999999,134104.67,463057.12
2024-10-17,165.04000000000002,147516.51,480408.7
2024-10-18,87.22999999999999,167696.63,313768.51
2024-10-19,959.33,248695.43,210304.4
2024-10-20,715.45,217205.51,179819.5
2024-10-21,40.72,103670.95,305269.39
2024-10-22,0.0,108876.21,420503.5
2024-10-23,201.61,118121.22,490279.13
2024-10-24,35.16,136547.96,479987.85
2024-10-25,141.45,173790.1,313096.11
2024-10-26,1243.27,309414.1,227019.91
2024-10-27,1418.31,293093.1,191263.9
2024-10-28,32.67,104993.05,318325.71
2024-10-29,0.0,102613.35,455692.19
2024-10-30,0.0,123744.81000000001,489448.6
2024-10-31,103.7,135580.28,321311.57
2024-11-01,338.17,198017.38,253557.77
2024-11-02,1265.98,284678.77,195837.07
2024-11-03,589.33,236161.8,197092.27
2024-11-04,0.0,104040.97,322982.84
2024-11-05,0.0,88100.81,303529.93
2024-11-06,45.24,104823.13,393391.11
2024-11-07,191.82,115103.43000000001,458359.55
2024-11-08,296.44,154623.25,291470.61
2024-11-09,818.9300000000001,263446.83,232999.72
2024-11-10,823.5600000000001,219451.8,208620.3
2024-11-11,12.12,102628.95,258150.35
2024-11-12,0.0,107227.11,462380.08
2024-11-13,30.99,124691.02,531733.65
2024-11-14,86.38999999999999,134701.57,591703.28
2024-11-15,409.65,158681.09,339071.18
2024-11-16,1092.71,316070.4,237922.08
2024-11-17,1310.37,212389.52,199786.46
2024-11-18,61.88,96076.1,338034.99
2024-11-19,0.0,102538.07,488542.78
2024-11-20,7.0,113122.06,535918.76
2024-11-21,47.62,159658.03,755627.16
2024-11-22,137.88,187535.58,392569.99
2024-11-23,626.88,243790.11000000002,220552.13
2024-11-24,774.64,188001.08,186878.76
2024-11-25,0.0,93368.87,282477.55
2024-11-26,39.84,109226.34,327073.95
2024-11-27,0.0,108731.12,214622.26
2024-11-28,0.0,104182.38,137729.83
2024-11-29,118.02,86617.64,203382.56
2024-11-30,347.38,139112.3,223424.0
2024-12-01,483.75,125819.21,179501.15
2024-12-02,0.0,91354.05,349356.93
2024-12-03,21.72,110611.07,553884.1
2024-12-04,30.25,123239.07,513369.05
2024-12-05,37.0,153387.78,721606.89
2024-12-06,28.06,187883.42,441533.64
2024-12-07,814.94,285363.84,301022.76
2024-12-08,1039.69,232318.93,225694.2
2024-12-09,0.0,112287.97,450665.23
2024-12-10,0.0,126445.94,695369.74
2024-12-11,0.0,159886.41,800275.66
2024-12-12,0.0,191389.58,716724.24
2024-12-13,181.31,240716.15,495676.41
2024-12-14,650.51,303080.18,321992.95
2024-12-15,897.99,241849.44,260488.56
2024-12-16,114.1,127745.94,370986.4
2024-12-17,12.1,115845.69,454748.19
2024-12-18,36.37,156991.87,539159.4
2024-12-19,0.0,152889.77,473179.93
2024-12-20,85.22,165926.82,319680.13
2024-12-21,352.78,206473.6,222830.88999999998
2024-12-22,430.69,171342.69,224546.71
2024-12-23,18.0,106673.99,220242.73
2024-12-24,0.0,89084.45,149159.89
2024-12-25,0.0,52938.69,104549.9
2024-12-26,52.75,62835.87,157122.11000000002
2024-12-27,16.12,80335.22,174712.41
2024-12-28,17.4,109542.83,191981.64
2024-12-29,170.7,104916.49,153084.07
2024-12-30,0.0,83868.06,168609.75
2024-12-31,55.230000000000004,131946.93,142331.04
2025-01-01,539.52,252345.48,166406.26
2025-01-02,40.14,77369.95,172458.62
2025-01-03,74.53,93930.53,171880.93
2025-01-04,212.97,144063.2,169513.14
2025-01-05,307.18,121367.97,143198.5
2025-01-06,0.0,72315.71,248694.73
2025-01-07,0.0,79308.57,315824.17
2025-01-08,0.0,92610.47,348296.21
2025-01-09,159.06,102304.97,364260.09
2025-01-10,296.63,125918.19,258762.56
2025-01-11,647.99,202988.36000000002,170707.33
2025-01-12,833.87,178419.64,145997.92
2025-01-13,0.0,90979.89,293367.81
2025-01-14,61.64,94429.34,405902.15
2025-01-15,0.0,115200.5,466271.8
2025-01-16,77.77,116316.26,502044.48
2025-01-17,153.92000000000002,143667.31,284041.66
2025-01-18,434.01,203446.74,173851.75
2025-01-19,351.17,190514.06,153769.09
2025-01-20,0.0,117454.83,149029.69
2025-01-21,0.0,100934.15,361009.0
2025-01-22,0.0,109146.01,455648.27
2025-01-23,10.0,119318.18000000001,502042.24
2025-01-24,95.22,148207.45,311954.32
2025-01-25,811.1899999999999,245176.77,198511.93
2025-01-26,1258.44,237903.2,148741.48
2025-01-27,65.14,92781.36,290251.98
2025-01-28,0.0,88484.79,370515.57
2025-01-29,40.2,104956.38,422660.83
2025-01-30,82.18,127922.5,471468.15
2025-01-31,173.87,149490.45,299768.62
2025-02-01,562.85,244600.28,172903.94
2025-02-02,637.58,213873.62,150340.71
2025-02-03,0.0,90051.35,296422.78
2025-02-04,41.9,98957.9,402886.34
2025-02-05,0.0,107894.73,472020.74
2025-02-06,0.0,126342.12,462672.24
2025-02-07,67.0,157809.74,296861.05
2025-02-08,279.49,269892.39,196832.59
2025-02-09,377.94,227560.59,152092.28
2025-02-10,27.0,117358.16,304871.72000000003
2025-02-11,0.0,112255.88,448781.74
2025-02-12,65.4,125566.94,438262.48
2025-02-13,97.33,143855.53,454411.8
2025-02-14,255.48000000000002,184247.96,317075.84
2025-02-15,457.92,232276.54,232035.95
2025-02-16,790.06,209381.99,168853.46
2025-02-17,56.54,116718.61,184067.24
2025-02-18,0.0,98649.41,350587.1
2025-02-19,0.0,112604.99,418143.94
2025-02-20,0.0,136480.88,466938.58
2025-02-21,393.82,161773.9,284233.83
2025-02-22,326.55,233604.46,192400.49
2025-02-23,1231.1,191282.97,149809.03
2025-02-24,0.0,88958.59,278778.5
2025-02-25,0.0,90804.0,390967.28
2025-02-26,16.78,106012.36,443641.2
2025-02-27,91.3,122714.25,492195.19
2025-02-28,216.41,154366.92,299290.22000000003
2025-03-01,776.1,275724.23,211152.51
2025-03-02,461.38,219301.85,172833.44
2025-03-03,0.0,99642.38,317312.69
2025-03-04,0.0,96243.59,444349.45
2025-03-05,43.33,129484.09,683382.97
2025-03-06,0.0,119788.42,484016.59
2025-03-07,83.05,142187.15,296048.73
2025-03-08,690.42,235249.43,175367.85
2025-03-09,1051.31,192219.31,164409.83
2025-03-10,0.0,91236.02,289263.44
2025-03-11,0.0,105896.47,402126.82
2025-03-12,36.0,108348.87,475087.37
2025-03-13,96.27,122506.3,501393.25
2025-03-14,234.94,147815.23,286076.28
2025-03-15,841.22,242522.16,190600.55000000002
2025-03-16,761.22,193605.49,170268.48
2025-03-17,44.87,99905.1,231724.05
2025-03-18,0.0,90666.71,390729.99
2025-03-19,45.92,111563.61,439676.95
2025-03-20,157.71,151451.95,559299.56
2025-03-21,155.94,159543.77,291916.28
2025-03-22,906.79,244905.96,185835.28
2025-03-23,741.52,194801.2,167068.36
2025-03-24,61.0,97574.68000000001,339170.25
2025-03-25,83.0,92583.41,425811.11
2025-03-26,0.0,110152.01,484694.72000000003
2025-03-27,30.35,122914.16,510155.89
2025-03-28,165.70999999999998,144351.58,297084.22
2025-03-29,823.41,282886.86,203175.14
2025-03-30,834.4,224101.75,161770.17
2025-03-31,0.0,96243.93,318053.54
2025-04-01,0.0,94202.8,385786.77
2025-04-02,0.0,109636.49,465050.61
2025-04-03,0.0,132048.82,488914.09
2025-04-04,252.1,143327.05,297784.3
2025-04-05,451.23,243752.82,199323.1
2025-04-06,829.84,205843.55,164167.35
2025-04-07,77.86,104332.97,344207.08
2025-04-08,0.0,98570.56,417421.19
2025-04-09,26.6,121460.22,498471.77
2025-04-10,53.5,127634.06,500978.53
2025-04-11,28.75,162380.17,310479.62
2025-04-12,238.88,235258.86000000002,199371.68
2025-04-13,536.24,170482.77,159948.58
2025-04-14,0.0,86548.97,263942.41
2025-04-15,0.0,115134.33,350448.29
2025-04-16,0.0,102292.28,402330.94
2025-04-17,81.0,122599.63,388734.72000000003
2025-04-18,217.54000000000002,143683.85,216067.2
2025-04-19,880.07,240869.19,180104.34
2025-04-20,1188.85,193469.83,131282.81
2025-04-21,27.0,93898.67,269660.45
2025-04-22,0.0,98326.58,373609.39
2025-04-23,14.0,114189.41,432557.34
2025-04-24,47.85,137825.08,455672.49
2025-04-25,213.8,155180.63,301413.71
2025-04-26,910.47,268474.96,218468.03000000003
2025-04-27,872.26,230535.93,160185.09
2025-04-28,0.0,102440.92,276403.14
2025-04-29,20.8,96015.54,396255.39
2025-04-30,0.0,111651.21,463590.49
2025-05-01,46.2,135252.63,477556.62
2025-05-02,172.94,166598.27,300841.23
2025-05-03,1200.05,273403.77,206630.92
2025-05-04,1572.92,236346.05,185330.93
2025-05-05,0.0,115831.34,377455.66
2025-05-06,0.0,106578.93,439374.19
2025-05-07,50.5,110819.94,469935.8
2025-05-08,46.92,138705.17,512182.74
2025-05-09,292.29,179009.49,341552.43
2025-05-10,890.23,257472.92,181178.22
2025-05-11,939.2,232205.38,172400.65
2025-05-12,61.0,108761.55,328263.02
2025-05-13,0.0,114455.21,496847.38
2025-05-14,67.8,141358.73,648089.95
2025-05-15,0.0,145799.47,544808.61
2025-05-16,274.63,181783.68,363840.89
2025-05-17,1169.68,322659.38,212202.94
2025-05-18,1188.29,253095.66,149312.61
2025-05-19,25.8,115141.43000000001,316496.92
2025-05-20,40.769999999999996,127212.04,462224.28
2025-05-21,27.0,133846.76,581453.63
2025-05-22,78.3,151837.9,543207.52
2025-05-23,119.4,148416.64,245098.17
2025-05-24,679.9,178635.3,148972.74
2025-05-25,744.46,180744.01,137570.68
2025-05-26,46.0,135785.77,113784.4
2025-05-27,7.0,100355.12,300780.81
2025-05-28,0.0,106379.03,527088.2
2025-05-29,32.92,125336.48,442581.38
2025-05-30,256.64,153360.82,256968.49
2025-05-31,987.9499999999999,256381.47,173226.1
2025-06-01,1330.8700000000001,211438.32,143511.61
2025-06-02,34.0,99843.77,280218.67
2025-06-03,12.45,98417.6,408118.11
2025-06-04,10.5,125811.14,490394.09
2025-06-05,76.1,148409.88,547902.82
2025-06-06,251.62,181964.66,307991.8
2025-06-07,696.62,278933.68,220476.14
2025-06-08,785.46,241157.32,133938.4
2025-06-09,30.12,122399.47,356390.39
2025-06-10,51.65,123816.69,475740.49
2025-06-11,0.0,128763.18000000001,508497.69
2025-06-12,301.3,151654.94,543224.22
2025-06-13,456.81,168163.47,287613.54
2025-06-14,1030.77,238694.48,163142.18
2025-06-15,1121.57,211707.04,130677.46
2025-06-16,117.7,101695.35,315829.17
2025-06-17,0.0,109987.83,426790.82
2025-06-18,148.01999999999998,126488.49,466756.18
2025-06-19,129.0,172453.1,273836.2
2025-06-20,362.76,156795.6,231818.03
2025-06-21,1281.34,276447.88,182475.64
2025-06-22,844.74,228073.94,164179.21
2025-06-23,31.56,131383.8,363890.07
2025-06-24,123.2,131826.85,576194.4
2025-06-25,54.06,142498.36,614458.26
2025-06-26,70.1,142170.92,537167.53
2025-06-27,341.22,157754.19,285768.45
2025-06-28,966.97,251304.0,171278.97
2025-06-29,714.22,226255.69,153706.31
2025-06-30,21.0,105628.37,259680.08
2025-07-01,19.56,102910.32,363898.51
2025-07-02,18.36,109201.88,297838.77
2025-07-03,224.1,115834.69,184718.45
2025-07-04,769.21,173377.49,92530.37
2025-07-05,752.23,169602.15,122150.33
2025-07-06,343.97,131747.01,119152.72
2025-07-07,44.9,81726.78,257030.55
2025-07-08,0.0,95218.31,431415.89
2025-07-09,15.34,108939.43000000001,445093.41
2025-07-10,0.0,123697.77,424822.12
2025-07-11,164.35,150838.32,261596.59
2025-07-12,428.3,252177.08,174086.37
2025-07-13,766.77,210175.83,151574.31
2025-07-14,0.0,117124.87,492006.82
2025-07-15,0.0,108711.63,443854.44
2025-07-16,154.81,125497.6,485607.94
2025-07-17,25.69,150563.93,477499.54
2025-07-18,213.3,153699.26,279486.03
2025-07-19,1241.41,224907.21,179031.01
2025-07-20,1386.54,201137.24,160088.69
2025-07-21,29.45,101408.7,311159.44
2025-07-22,93.64,100119.53,408300.24
2025-07-23,42.72,116986.24,436991.84
2025-07-24,269.72,141137.79,447746.07
2025-07-25,474.57,175025.77,311024.32
2025-07-26,934.67,242542.56,174885.37
2025-07-27,1615.83,220478.64,155348.18
2025-07-28,213.76,108953.01,319513.36
2025-07-29,18.36,113706.85,448126.33
2025-07-30,0.0,128014.91,504909.58
2025-07-31,149.6,142349.79,536840.4400000001
2025-08-01,302.67,144933.25,251958.7
2025-08-02,1413.43,227930.98,154274.14
2025-08-03,1697.75,193339.19,137839.22
2025-08-04,34.53,94848.13,268860.71
2025-08-05,161.82999999999998,98630.33,360710.51
2025-08-06,131.52,112663.04,422146.96
2025-08-07,0.0,131537.25,397234.31
2025-08-08,117.5,143018.43,236468.2
2025-08-09,621.32,208673.25,145378.01
2025-08-10,1065.91,178634.11000000002,109707.95
2025-08-11,0.0,98844.93000000001,252139.27
2025-08-12,34.88,94754.8,345156.71
2025-08-13,33.96,130302.05,449951.42
2025-08-14,69.72,131935.6,373780.1
2025-08-15,237.89,149631.17,215874.85
2025-08-16,821.87,211210.12,148642.54
2025-08-17,1124.13,203778.2,137307.56
2025-08-18,0.0,93856.71,224324.58
2025-08-19,0.0,89545.05,288937.14
2025-08-20,58.519999999999996,115978.83,410305.96
2025-08-21,95.55,122857.46,331222.53
2025-08-22,159.22,145179.49,215372.16
2025-08-23,491.64,205667.61000000002,168465.27
2025-08-24,1424.22,182423.18,153760.84
2025-08-25,38.64,89725.94,229262.11000000002
2025-08-26,119.62,90335.52,285427.47000000003
2025-08-27,120.0,106435.95,314380.96
2025-08-28,167.05,121176.32,300757.89
2025-08-29,134.01999999999998,143929.57,223386.99
2025-08-30,543.74,179567.35,172292.37
2025-08-31,466.1,182505.09,160894.99
2025-09-01,313.04,132862.75,148024.39
2025-09-02,16.0,96893.6,316986.5
2025-09-03,0.0,110391.35,416091.57
2025-09-04,0.0,144207.16,540806.92
2025-09-05,254.9,166597.2,338345.71
2025-09-06,521.64,277791.4,189886.57
2025-09-07,622.5,208147.74,188022.07
2025-09-08,15.3,115107.75,363055.36
2025-09-09,38.92,113105.37,492365.13
2025-09-10,33.12,130328.78,595931.99
2025-09-11,0.0,151994.27,491690.91
2025-09-12,238.3,182680.78,324824.61
2025-09-13,765.25,269712.24,212612.13
2025-09-14,831.46,242901.22,180147.7
2025-09-15,53.4,125454.62,348581.64
2025-09-16,0.0,123658.62,479609.81
2025-09-17,0.0,140997.14,519692.09
2025-09-18,160.17,157457.6,551129.95
2025-09-19,163.56,178662.02,324813.57
2025-09-20,945.76,255177.22999999998,189682.74
2025-09-21,849.11,235804.19,170159.38
2025-09-22,48.81,107738.32,262329.14
2025-09-23,74.71,108566.94,251105.29
2025-09-24,45.1,118885.68000000001,439352.24
2025-09-25,85.42,152560.18,560461.08
2025-09-26,328.34,181202.47,347453.05
2025-09-27,836.95,275725.09,235183.35
2025-09-28,1321.67,242547.81,196699.78
2025-09-29,0.0,120070.21,333295.15
2025-09-30,90.77,116777.08,487896.8
2025-10-01,0.0,114713.64,438233.8
2025-10-02,81.7,129208.62,384639.63
2025-10-03,200.26,171556.43,291124.56
2025-10-04,1311.67,250693.23,201594.36000000002
2025-10-05,1243.14,210053.77,149988.42
2025-10-06,0.0,111215.33,328101.21
2025-10-07,92.69,114110.96,442010.99
2025-10-08,0.0,139181.77,528579.48
2025-10-09,170.92000000000002,157130.21,606095.63
2025-10-10,246.68,169270.67,341051.64
2025-10-11,971.06,265454.9,224196.72
2025-10-12,1112.67,222314.84,187811.47
2025-10-13,21.7,114017.2,289086.14
2025-10-14,12.6,115832.22,459781.24
2025-10-15,11.64,129000.52,532042.29
2025-10-16,112.82000000000001,158819.69,614129.67
2025-10-17,363.19,171368.52,349773.16
2025-10-18,382.84000000000003,234089.17,226857.84
2025-10-19,490.5,222842.37,197034.77
2025-10-20,0.0,115598.73,358849.82
2025-10-21,29.0,110258.97,475076.55
2025-10-22,30.03,117941.75,543473.86
2025-10-23,371.7,138681.56,591778.47
2025-10-24,231.53,169810.84,348324.72000000003
2025-10-25,1308.09,241306.33,222959.77
2025-10-26,914.82,206426.14,187127.05
2025-10-27,0.0,106687.27,358898.35
2025-10-28,29.21,109440.63,500835.65
2025-10-29,127.08000000000001,127439.02,577618.23
2025-10-30,0.0,162975.91,691751.12
2025-10-31,177.93,195729.13,310502.69
2025-11-01,1489.26,423219.95,228965.42
2025-11-02,900.0699999999999,242514.27,215145.9
2025-11-03,0.0,120836.42,402521.44
2025-11-04,0.0,106491.59,485088.23
2025-11-05,0.0,122235.65,576266.08
2025-11-06,0.0,136669.12,611570.83
2025-11-07,117.98,161161.01,362204.44
2025-11-08,554.17,245413.9,247549.79
2025-11-09,1093.59,227788.57,239975.43
2025-11-10,0.0,112078.58,384502.23
2025-11-11,0.0,109192.94,395641.79
2025-11-12,23.7,114155.35,570117.8
2025-11-13,22.36,139020.32,627982.23
2025-11-14,168.86,178465.91,368936.73
2025-11-15,965.23,232627.69,253725.72
2025-11-16,681.45,211590.77,233439.52
2025-11-17,0.0,109924.77,396963.6
2025-11-18,0.0,103103.51,536235.26
2025-11-19,23.93,136435.82,614810.75
2025-11-20,0.0,136132.63,616162.24
2025-11-21,153.7,166057.4,359218.96
2025-11-22,544.11,226738.51,233913.87
2025-11-23,565.33,188934.21,193586.67
2025-11-24,0.0,100554.53,301865.3
2025-11-25,112.1,119421.73,408164.09
2025-11-26,0.0,112592.68000000001,219868.1
2025-11-27,0.0,86260.74,127840.07
2025-11-28,50.3,84640.61,204024.04
2025-11-29,255.94,126515.38,215199.23
2025-11-30,215.99,131348.42,185712.51
2025-12-01,0.0,99011.26,373900.13
2025-12-02,37.83,113972.21,653524.6
2025-12-03,40.67,124990.08,554087.63
2025-12-04,0.0,161613.77,855196.54
2025-12-05,214.68,180185.45,467125.92
2025-12-06,639.15,237489.98,300033.29
2025-12-07,676.92,224821.44,282772.46
2025-12-08,0.0,126185.54,534797.98
2025-12-09,0.0,130816.46,739682.17
2025-12-10,16.52,153160.11,832207.96
2025-12-11,0.0,182682.29,840403.52
2025-12-12,62.66,208776.5,506791.69
2025-12-13,630.08,304876.82,332509.17
2025-12-14,646.42,292214.18,279774.46
2025-12-15,0.0,146508.42,472681.22000000003
2025-12-16,0.0,134164.91,626943.99
2025-12-17,38.52,142493.55,605961.16
2025-12-18,131.45999999999998,165380.32,607094.48
2025-12-19,62.64,194290.81,388159.09
2025-12-20,379.16,252004.82,240474.81
2025-12-21,616.23,180875.63,240064.79
2025-12-22,10.0,98988.27,262415.54
2025-12-23,0.0,103833.95,227865.43
2025-12-24,16.0,84763.98,164391.22
2025-12-25,0.0,50976.55,117141.87
2025-12-26,0.0,60637.3,175533.98
2025-12-27,17.880000000000003,83525.39,195826.34
2025-12-28,113.9,95033.26,191982.23
2025-12-29,49.13,79813.98,200071.31
2025-12-30,46.620000000000005,90447.6,207206.3
2025-12-31,12.45,129993.78,164286.63
2026-01-01,1298.84,273260.81,208791.52
2026-01-02,51.1,103183.22,188371.5
2026-01-03,211.34,138586.05,176363.67
2026-01-04,85.26,127253.57,138949.51
2026-01-05,0.0,80670.65,251695.08
2026-01-06,12.62,75761.55,315221.28
2026-01-07,0.0,76964.33,351633.61
2026-01-08,0.0,91472.86,379828.77
2026-01-09,202.95,120648.64,240630.01
2026-01-10,774.29,244609.63,202645.96
2026-01-11,952.19,211132.78,155629.44
2026-01-12,0.0,97928.24,331323.03
2026-01-13,109.95,97069.8,454235.2
2026-01-14,95.73,100755.62,490688.47
2026-01-15,0.0,128339.8,503644.99
2026-01-16,135.37,158679.96,314548.05
2026-01-17,423.98,231529.57,186536.23
2026-01-18,723.1999999999999,213043.89,181802.18
2026-01-19,53.62,131968.68,166183.47
2026-01-20,0.0,105091.37,416323.79
2026-01-21,71.55,105276.93000000001,498757.23
2026-01-22,0.0,116349.39,525556.29
2026-01-23,233.97,168719.26,317497.39
2026-01-24,138.94,249511.08000000002,204419.09
2026-01-25,214.01,82695.25,51030.26
2026-01-26,0.0,76679.66,147878.76
2026-01-27,0.0,143394.76,470463.17
2026-01-28,10.08,135981.89,559758.52
2026-01-29,20.0,153046.45,635704.77
2026-01-30,73.24000000000001,190005.17,378209.77
2026-01-31,570.03,256329.41,199723.37
2026-02-01,446.0,226841.61000000002,176876.63
2026-02-02,0.0,117003.75,355043.85
2026-02-03,21.55,108183.93000000001,487982.5
2026-02-04,39.05,115955.46,512772.69
2026-02-05,45.26,126945.45,531506.16
2026-02-06,251.59,156093.03,305071.65
2026-02-07,747.03,298966.34,212369.62
2026-02-08,510.75,256574.22,169226.29
2026-02-09,94.86,131744.52,354515.71
2026-02-10,0.0,111975.51,478905.53
2026-02-11,61.0,125036.95,529989.34
2026-02-12,0.0,146749.16,571240.12
2026-02-13,179.33,180543.78,325369.51
2026-02-14,1005.34,250206.71,253931.34
2026-02-15,761.65,204813.8,215185.91
2026-02-16,23.04,115477.91,178315.62
2026-02-17,0.0,94702.31,360640.03
2026-02-18,0.0,107568.6,508414.53
2026-02-19,0.0,114511.93000000001,471979.52
2026-02-20,32.79,160378.43,340723.02
2026-02-21,501.91,249093.93,203953.73
2026-02-22,572.7,170903.56,122801.67
2026-02-23,0.0,16905.42,51296.29
2026-02-24,0.0,112360.46,295474.87
2026-02-25,36.52,128421.38,420261.79
2026-02-26,65.76,134192.61,487167.97
2026-02-27,215.22,160839.94,322298.69
2026-02-28,501.23,246843.78,197853.04
2026-03-01,403.91,205741.08,160009.91
2026-03-02,56.0,100369.09,343400.3
2026-03-03,65.03,118102.38,566490.35
2026-03-04,0.0,108686.19,543558.49
2026-03-05,64.1,161112.37,701238.09
2026-03-06,143.88,159424.9,349157.55
2026-03-07,569.77,242581.57,175723.72
2026-03-08,667.35,201569.62,156536.69
2026-03-09,0.0,109165.96,317826.39
2026-03-10,0.0,103273.94,518017.44
2026-03-11,0.0,121699.98,541566.92
2026-03-12,0.0,151651.8,658463.25
2026-03-13,101.74000000000001,158811.65,342299.42
2026-03-14,641.19,273526.62,191595.43
2026-03-15,350.64,209901.07,190751.49
2026-03-16,44.0,123243.77,361678.58
2026-03-17,0.0,111492.66,372385.89
2026-03-18,0.0,129972.16,545769.35
2026-03-19,28.86,135662.33,578561.61
2026-03-20,176.67000000000002,181211.75,310487.42000000004
2026-03-21,656.16,270123.82,181006.71
2026-03-22,240.73,202349.13,145213.95
2026-03-23,0.0,120120.29,342725.33
2026-03-24,0.0,104866.83,440578.81
2026-03-25,0.0,116446.89,488331.44
2026-03-26,28.5,145909.63,508474.79
2026-03-27,166.18,161361.76,308031.43
2026-03-28,828.12,258901.01,212354.34
2026-03-29,764.72,213000.5,151690.98
2026-03-30,38.46,112715.75,306850.23
2026-03-31,0.0,102552.16,391397.19
2026-04-01,0.0,113731.7,390621.46
2026-04-02,0.0,130629.47,391467.35
2026-04-03,18.36,154385.13,208776.2
2026-04-04,420.97,257433.05,191874.12
2026-04-05,415.79,172189.78,165482.61000000002
2026-04-06,61.2,96669.89,293896.8
2026-04-07,0.0,97651.16,405618.97000000003
2026-04-08,0.0,111850.13,477126.38
2026-04-09,0.0,134941.01,490389.64
2026-04-10,28.4,155935.9,315519.67
2026-04-11,313.67,233838.39,196834.5
2026-04-12,814.66,202043.26,177470.47
2026-04-13,16.0,110410.51,345931.2
2026-04-14,0.0,105339.35,481101.31
2026-04-15,26.68,121229.49,530267.41
2026-04-16,0.0,150691.3,552330.48
2026-04-17,38.64,164264.73,337341.56
2026-04-18,433.44,285692.55,211308.46
2026-04-19,438.89,228764.21000000002,188160.99
2026-04-20,0.0,106816.94,349995.18
2026-04-21,11.5,111594.74,495484.32
2026-04-22,9.12,124065.59,540368.87
2026-04-23,152.71,145401.61,572013.33
2026-04-24,180.63,175037.05,332960.0
2026-04-25,634.36,318204.93,293031.88
2026-04-26,644.63,230698.99,182268.02
2026-04-27,0.0,108827.82,345214.12
2026-04-28,0.0,107000.02,483746.36
2026-04-29,25.0,131500.46,587661.09
2026-04-30,0.0,157057.13,587131.26
2026-05-01,111.74000000000001,174725.0,343588.77
2026-05-02,680.16,241769.65,205001.07
2026-05-03,769.63,202342.75,190709.46
2026-05-04,0.0,111424.11,349317.33
2026-05-05,0.0,119071.49,460671.07
2026-05-06,44.26,140582.63,600684.0
2026-05-07,0.0,144917.02,555167.45
2026-05-08,80.81,172239.04,356723.34
2026-05-09,482.07,279960.09,233214.2
2026-05-10,271.76,219012.95,204323.86000000002
2026-05-11,51.4,108542.89,380535.7
2026-05-12,16.0,110533.18000000001,578392.78
2026-05-13,0.0,130137.68000000001,636061.48
2026-05-14,46.059999999999995,150229.71,695086.77
2026-05-15,244.44,188213.18,425376.3
2026-05-16,527.16,297304.7,272611.96
2026-05-17,528.58,243878.92,222855.45
2026-05-18,37.68,119160.0,399120.41
2026-05-19,0.0,127672.16,548905.83
2026-05-20,0.0,152554.86000000002,717582.83
2026-05-21,22.56,152524.95,555308.72
2026-05-22,98.7,158491.18,259941.62
2026-05-23,277.83000000000004,207935.4,198468.61000000002
2026-05-24,223.60000000000002,202154.62,176100.59
2026-05-25,43.56,121956.17,135397.31
2026-05-26,0.0,96186.75,335994.66
2026-05-27,0.0,107854.92,511475.37
2026-05-28,18.1,129728.6,521184.32
2026-05-29,140.74,155395.8,315026.45
2026-05-30,218.95999999999998,264456.99,192310.52
2026-05-31,590.4300000000001,236017.82,128100.45
