unique_id,ds,cutoff,LSTM,y
Taxi verde — Williamsburg,2025-12-01,2025-11-30,2.8069763,0.0
Taxi verde — Williamsburg,2025-12-02,2025-11-30,14.701431,37.83
Taxi verde — Williamsburg,2025-12-03,2025-11-30,14.98848,40.67
Taxi verde — Williamsburg,2025-12-04,2025-11-30,29.077097,0.0
Taxi verde — Williamsburg,2025-12-05,2025-11-30,113.64651,214.68
Taxi verde — Williamsburg,2025-12-06,2025-11-30,339.30832,639.15
Taxi verde — Williamsburg,2025-12-07,2025-11-30,393.79428,676.92
Taxi verde — Williamsburg,2025-12-08,2025-11-30,26.078882,0.0
Taxi verde — Williamsburg,2025-12-09,2025-11-30,13.966285,0.0
Taxi verde — Williamsburg,2025-12-10,2025-11-30,20.709982,16.52
Taxi verde — Williamsburg,2025-12-11,2025-11-30,36.431854,0.0
Taxi verde — Williamsburg,2025-12-12,2025-11-30,140.69379,62.66
Taxi verde — Williamsburg,2025-12-13,2025-11-30,337.64145,630.08
Taxi verde — Williamsburg,2025-12-14,2025-11-30,349.2329,646.42
Taxi verde — Williamsburg,2025-12-15,2025-11-30,3.4786644,0.0
Taxi verde — Williamsburg,2025-12-16,2025-11-30,18.13152,0.0
Taxi verde — Williamsburg,2025-12-17,2025-11-30,18.997654,38.52
Taxi verde — Williamsburg,2025-12-18,2025-11-30,33.420364,131.45999999999998
Taxi verde — Williamsburg,2025-12-19,2025-11-30,127.75355,62.64
Taxi verde — Williamsburg,2025-12-20,2025-11-30,342.30374,379.16
Taxi verde — Williamsburg,2025-12-21,2025-11-30,369.13388,616.23
Taxi verde — Williamsburg,2025-12-22,2025-11-30,6.759321,10.0
Taxi verde — Williamsburg,2025-12-23,2025-11-30,11.761318,0.0
Taxi verde — Williamsburg,2025-12-24,2025-11-30,14.812832,16.0
Taxi verde — Williamsburg,2025-12-25,2025-11-30,19.837673,0.0
Taxi verde — Williamsburg,2025-12-26,2025-11-30,77.23464,0.0
Taxi verde — Williamsburg,2025-12-27,2025-11-30,281.50153,17.880000000000003
Taxi verde — Williamsburg,2025-12-28,2025-11-30,358.767,113.9
Taxi verde — Williamsburg,2025-12-29,2025-11-30,42.417694,49.13
Taxi verde — Williamsburg,2025-12-30,2025-11-30,1.6999607,46.620000000000005
Taxi verde — Williamsburg,2025-12-31,2025-11-30,4.041195,12.45
Taxi verde — Williamsburg,2025-12-31,2025-12-30,8.320408,12.45
Taxi verde — Williamsburg,2026-01-01,2025-12-30,54.551895,1298.84
Taxi verde — Williamsburg,2026-01-02,2025-12-30,72.44998,51.1
Taxi verde — Williamsburg,2026-01-03,2025-12-30,180.48546,211.34
Taxi verde — Williamsburg,2026-01-04,2025-12-30,171.2942,85.26
Taxi verde — Williamsburg,2026-01-05,2025-12-30,-12.6415825,0.0
Taxi verde — Williamsburg,2026-01-06,2025-12-30,-7.4037437,12.62
Taxi verde — Williamsburg,2026-01-07,2025-12-30,2.6907425,0.0
Taxi verde — Williamsburg,2026-01-08,2025-12-30,41.066708,0.0
Taxi verde — Williamsburg,2026-01-09,2025-12-30,143.02087,202.95
Taxi verde — Williamsburg,2026-01-10,2025-12-30,375.24426,774.29
Taxi verde — Williamsburg,2026-01-11,2025-12-30,392.168,952.19
Taxi verde — Williamsburg,2026-01-12,2025-12-30,9.639149,0.0
Taxi verde — Williamsburg,2026-01-13,2025-12-30,3.781189,109.95
Taxi verde — Williamsburg,2026-01-14,2025-12-30,4.257942,95.73
Taxi verde — Williamsburg,2026-01-15,2025-12-30,48.077053,0.0
Taxi verde — Williamsburg,2026-01-16,2025-12-30,151.75658,135.37
Taxi verde — Williamsburg,2026-01-17,2025-12-30,386.8214,423.98
Taxi verde — Williamsburg,2026-01-18,2025-12-30,332.99368,723.1999999999999
Taxi verde — Williamsburg,2026-01-19,2025-12-30,28.341791,53.62
Taxi verde — Williamsburg,2026-01-20,2025-12-30,-5.3283234,0.0
Taxi verde — Williamsburg,2026-01-21,2025-12-30,-0.55828094,71.55
Taxi verde — Williamsburg,2026-01-22,2025-12-30,34.100018,0.0
Taxi verde — Williamsburg,2026-01-23,2025-12-30,126.3237,233.97
Taxi verde — Williamsburg,2026-01-24,2025-12-30,347.347,138.94
Taxi verde — Williamsburg,2026-01-25,2025-12-30,357.44513,214.01
Taxi verde — Williamsburg,2026-01-26,2025-12-30,17.96514,0.0
Taxi verde — Williamsburg,2026-01-27,2025-12-30,-7.4984207,0.0
Taxi verde — Williamsburg,2026-01-28,2025-12-30,-14.599739,10.08
Taxi verde — Williamsburg,2026-01-29,2025-12-30,-11.273743,20.0
Taxi verde — Williamsburg,2026-01-30,2025-12-30,28.077778,73.24000000000001
Taxi verde — Williamsburg,2026-01-30,2026-01-29,128.00705,73.24000000000001
Taxi verde — Williamsburg,2026-01-31,2026-01-29,134.16223,570.03
Taxi verde — Williamsburg,2026-02-01,2026-01-29,254.74988,446.0
Taxi verde — Williamsburg,2026-02-02,2026-01-29,110.228485,0.0
Taxi verde — Williamsburg,2026-02-03,2026-01-29,53.83372,21.55
Taxi verde — Williamsburg,2026-02-04,2026-01-29,56.29617,39.05
Taxi verde — Williamsburg,2026-02-05,2026-01-29,62.22441,45.26
Taxi verde — Williamsburg,2026-02-06,2026-01-29,88.08203,251.59
Taxi verde — Williamsburg,2026-02-07,2026-01-29,201.07184,747.03
Taxi verde — Williamsburg,2026-02-08,2026-01-29,254.60724,510.75
Taxi verde — Williamsburg,2026-02-09,2026-01-29,7.8597145,94.86
Taxi verde — Williamsburg,2026-02-10,2026-01-29,13.128677,0.0
Taxi verde — Williamsburg,2026-02-11,2026-01-29,22.974634,61.0
Taxi verde — Williamsburg,2026-02-12,2026-01-29,23.299274,0.0
Taxi verde — Williamsburg,2026-02-13,2026-01-29,143.15424,179.33
Taxi verde — Williamsburg,2026-02-14,2026-01-29,585.196,1005.34
Taxi verde — Williamsburg,2026-02-15,2026-01-29,473.8658,761.65
Taxi verde — Williamsburg,2026-02-16,2026-01-29,13.147259,23.04
Taxi verde — Williamsburg,2026-02-17,2026-01-29,11.229233,0.0
Taxi verde — Williamsburg,2026-02-18,2026-01-29,15.866817,0.0
Taxi verde — Williamsburg,2026-02-19,2026-01-29,52.929573,0.0
Taxi verde — Williamsburg,2026-02-20,2026-01-29,169.9343,32.79
Taxi verde — Williamsburg,2026-02-21,2026-01-29,652.2376,501.91
Taxi verde — Williamsburg,2026-02-22,2026-01-29,698.8784,572.7
Taxi verde — Williamsburg,2026-02-23,2026-01-29,4.1796,0.0
Taxi verde — Williamsburg,2026-02-24,2026-01-29,6.300007,0.0
Taxi verde — Williamsburg,2026-02-25,2026-01-29,10.357014,36.52
Taxi verde — Williamsburg,2026-02-26,2026-01-29,30.136993,65.76
Taxi verde — Williamsburg,2026-02-27,2026-01-29,69.08377,215.22
Taxi verde — Williamsburg,2026-02-28,2026-01-29,287.97015,501.23
Taxi verde — Williamsburg,2026-03-01,2026-01-29,392.51202,403.91
Taxi verde — Williamsburg,2026-03-01,2026-02-28,174.04413,403.91
Taxi verde — Williamsburg,2026-03-02,2026-02-28,6.216114,56.0
Taxi verde — Williamsburg,2026-03-03,2026-02-28,0.6389122,65.03
Taxi verde — Williamsburg,2026-03-04,2026-02-28,12.400234,0.0
Taxi verde — Williamsburg,2026-03-05,2026-02-28,36.403965,64.1
Taxi verde — Williamsburg,2026-03-06,2026-02-28,95.60628,143.88
Taxi verde — Williamsburg,2026-03-07,2026-02-28,340.67136,569.77
Taxi verde — Williamsburg,2026-03-08,2026-02-28,354.70764,667.35
Taxi verde — Williamsburg,2026-03-09,2026-02-28,21.638435,0.0
Taxi verde — Williamsburg,2026-03-10,2026-02-28,14.085449,0.0
Taxi verde — Williamsburg,2026-03-11,2026-02-28,22.952677,0.0
Taxi verde — Williamsburg,2026-03-12,2026-02-28,41.734108,0.0
Taxi verde — Williamsburg,2026-03-13,2026-02-28,106.95189,101.74
Taxi verde — Williamsburg,2026-03-14,2026-02-28,433.70767,641.19
Taxi verde — Williamsburg,2026-03-15,2026-02-28,421.83023,350.64
Taxi verde — Williamsburg,2026-03-16,2026-02-28,25.343756,44.0
Taxi verde — Williamsburg,2026-03-17,2026-02-28,21.692406,0.0
Taxi verde — Williamsburg,2026-03-18,2026-02-28,74.50357,0.0
Taxi verde — Williamsburg,2026-03-19,2026-02-28,152.15608,28.86
Taxi verde — Williamsburg,2026-03-20,2026-02-28,332.54385,176.67000000000002
Taxi verde — Williamsburg,2026-03-21,2026-02-28,686.43225,656.16
Taxi verde — Williamsburg,2026-03-22,2026-02-28,641.9137,240.73
Taxi verde — Williamsburg,2026-03-23,2026-02-28,12.892139,0.0
Taxi verde — Williamsburg,2026-03-24,2026-02-28,2.1342125,0.0
Taxi verde — Williamsburg,2026-03-25,2026-02-28,14.88792,0.0
Taxi verde — Williamsburg,2026-03-26,2026-02-28,34.077415,28.5
Taxi verde — Williamsburg,2026-03-27,2026-02-28,96.03396,166.18
Taxi verde — Williamsburg,2026-03-28,2026-02-28,414.97775,828.12
Taxi verde — Williamsburg,2026-03-29,2026-02-28,501.53046,764.72
Taxi verde — Williamsburg,2026-03-30,2026-02-28,16.376657,38.46
Taxi verde — Williamsburg,2026-03-31,2026-02-28,9.259357,0.0
Taxi verde — Williamsburg,2026-03-31,2026-03-30,1.094574,0.0
Taxi verde — Williamsburg,2026-04-01,2026-03-30,12.914749,0.0
Taxi verde — Williamsburg,2026-04-02,2026-03-30,46.116196,0.0
Taxi verde — Williamsburg,2026-04-03,2026-03-30,100.038635,18.36
Taxi verde — Williamsburg,2026-04-04,2026-03-30,352.76733,420.97
Taxi verde — Williamsburg,2026-04-05,2026-03-30,422.78244,415.79
Taxi verde — Williamsburg,2026-04-06,2026-03-30,13.904739,61.2
Taxi verde — Williamsburg,2026-04-07,2026-03-30,14.518459,0.0
Taxi verde — Williamsburg,2026-04-08,2026-03-30,16.401249,0.0
Taxi verde — Williamsburg,2026-04-09,2026-03-30,40.040802,0.0
Taxi verde — Williamsburg,2026-04-10,2026-03-30,124.469986,28.4
Taxi verde — Williamsburg,2026-04-11,2026-03-30,502.2995,313.67
Taxi verde — Williamsburg,2026-04-12,2026-03-30,617.34766,814.66
Taxi verde — Williamsburg,2026-04-13,2026-03-30,5.975456,16.0
Taxi verde — Williamsburg,2026-04-14,2026-03-30,7.5464554,0.0
Taxi verde — Williamsburg,2026-04-15,2026-03-30,12.023739,26.68
Taxi verde — Williamsburg,2026-04-16,2026-03-30,43.349342,0.0
Taxi verde — Williamsburg,2026-04-17,2026-03-30,127.19951,38.64
Taxi verde — Williamsburg,2026-04-18,2026-03-30,490.07654,433.44
Taxi verde — Williamsburg,2026-04-19,2026-03-30,574.3096,438.89
Taxi verde — Williamsburg,2026-04-20,2026-03-30,5.382305,0.0
Taxi verde — Williamsburg,2026-04-21,2026-03-30,3.2257729,11.5
Taxi verde — Williamsburg,2026-04-22,2026-03-30,29.161964,9.12
Taxi verde — Williamsburg,2026-04-23,2026-03-30,60.22131,152.71
Taxi verde — Williamsburg,2026-04-24,2026-03-30,152.00957,180.63
Taxi verde — Williamsburg,2026-04-25,2026-03-30,463.86462,634.36
Taxi verde — Williamsburg,2026-04-26,2026-03-30,377.71036,644.63
Taxi verde — Williamsburg,2026-04-27,2026-03-30,-2.171051,0.0
Taxi verde — Williamsburg,2026-04-28,2026-03-30,-0.676857,0.0
Taxi verde — Williamsburg,2026-04-29,2026-03-30,13.146072,25.0
Taxi verde — Williamsburg,2026-04-30,2026-03-30,45.64442,0.0
Uber — Midtown Center,2025-12-01,2025-11-30,316023.22,373900.13
Uber — Midtown Center,2025-12-02,2025-11-30,422861.84,653524.6
Uber — Midtown Center,2025-12-03,2025-11-30,533329.6,554087.63
Uber — Midtown Center,2025-12-04,2025-11-30,508217.56,855196.54
Uber — Midtown Center,2025-12-05,2025-11-30,326486.38,467125.92
Uber — Midtown Center,2025-12-06,2025-11-30,208426.23,300033.29
Uber — Midtown Center,2025-12-07,2025-11-30,206876.25,282772.46
Uber — Midtown Center,2025-12-08,2025-11-30,346416.8,534797.98
Uber — Midtown Center,2025-12-09,2025-11-30,481125.3,739682.17
Uber — Midtown Center,2025-12-10,2025-11-30,604945.44,832207.96
Uber — Midtown Center,2025-12-11,2025-11-30,586679.25,840403.52
Uber — Midtown Center,2025-12-12,2025-11-30,373403.8,506791.69
Uber — Midtown Center,2025-12-13,2025-11-30,226605.42,332509.17
Uber — Midtown Center,2025-12-14,2025-11-30,198000.58,279774.46
Uber — Midtown Center,2025-12-15,2025-11-30,326416.4,472681.22
Uber — Midtown Center,2025-12-16,2025-11-30,457594.06,626943.99
Uber — Midtown Center,2025-12-17,2025-11-30,594899.5,605961.16
Uber — Midtown Center,2025-12-18,2025-11-30,610042.75,607094.48
Uber — Midtown Center,2025-12-19,2025-11-30,353437.88,388159.09
Uber — Midtown Center,2025-12-20,2025-11-30,224609.16,240474.81
Uber — Midtown Center,2025-12-21,2025-11-30,214247.11,240064.79
Uber — Midtown Center,2025-12-22,2025-11-30,349890.72,262415.54
Uber — Midtown Center,2025-12-23,2025-11-30,481470.8,227865.43
Uber — Midtown Center,2025-12-24,2025-11-30,617431.0,164391.22
Uber — Midtown Center,2025-12-25,2025-11-30,571287.6,117141.87
Uber — Midtown Center,2025-12-26,2025-11-30,391411.5,175533.98
Uber — Midtown Center,2025-12-27,2025-11-30,304603.44,195826.34
Uber — Midtown Center,2025-12-28,2025-11-30,312925.22,191982.23
Uber — Midtown Center,2025-12-29,2025-11-30,365510.22,200071.31
Uber — Midtown Center,2025-12-30,2025-11-30,448017.38,207206.3
Uber — Midtown Center,2025-12-31,2025-11-30,485498.22,164286.63
Uber — Midtown Center,2025-12-31,2025-12-30,283052.66,164286.63
Uber — Midtown Center,2026-01-01,2025-12-30,302521.4,208791.52
Uber — Midtown Center,2026-01-02,2025-12-30,118101.44,188371.5
Uber — Midtown Center,2026-01-03,2025-12-30,136679.39,176363.67
Uber — Midtown Center,2026-01-04,2025-12-30,191424.98,138949.51
Uber — Midtown Center,2026-01-05,2025-12-30,215832.89,251695.08
Uber — Midtown Center,2026-01-06,2025-12-30,298551.94,315221.28
Uber — Midtown Center,2026-01-07,2025-12-30,336241.84,351633.61
Uber — Midtown Center,2026-01-08,2025-12-30,295847.9,379828.77
Uber — Midtown Center,2026-01-09,2025-12-30,187624.83,240630.01
Uber — Midtown Center,2026-01-10,2025-12-30,160288.22,202645.96
Uber — Midtown Center,2026-01-11,2025-12-30,193097.84,155629.44
Uber — Midtown Center,2026-01-12,2025-12-30,227601.12,331323.03
Uber — Midtown Center,2026-01-13,2025-12-30,335538.5,454235.2
Uber — Midtown Center,2026-01-14,2025-12-30,411425.84,490688.47
Uber — Midtown Center,2026-01-15,2025-12-30,371866.25,503644.99
Uber — Midtown Center,2026-01-16,2025-12-30,222229.55,314548.05
Uber — Midtown Center,2026-01-17,2025-12-30,147406.9,186536.23
Uber — Midtown Center,2026-01-18,2025-12-30,173981.81,181802.18
Uber — Midtown Center,2026-01-19,2025-12-30,297708.97,166183.47
Uber — Midtown Center,2026-01-20,2025-12-30,321292.97,416323.79
Uber — Midtown Center,2026-01-21,2025-12-30,381605.34,498757.23
Uber — Midtown Center,2026-01-22,2025-12-30,361138.12,525556.29
Uber — Midtown Center,2026-01-23,2025-12-30,233479.9,317497.39
Uber — Midtown Center,2026-01-24,2025-12-30,153650.92,204419.09
Uber — Midtown Center,2026-01-25,2025-12-30,153128.34,51030.26
Uber — Midtown Center,2026-01-26,2025-12-30,144461.05,147878.76
Uber — Midtown Center,2026-01-27,2025-12-30,219818.03,470463.17
Uber — Midtown Center,2026-01-28,2025-12-30,286387.97,559758.52
Uber — Midtown Center,2026-01-29,2025-12-30,322957.1,635704.77
Uber — Midtown Center,2026-01-30,2025-12-30,242029.7,378209.77
Uber — Midtown Center,2026-01-30,2026-01-29,320904.88,378209.77
Uber — Midtown Center,2026-01-31,2026-01-29,274450.28,199723.37
Uber — Midtown Center,2026-02-01,2026-01-29,331965.38,176876.63
Uber — Midtown Center,2026-02-02,2026-01-29,205491.08,355043.85
Uber — Midtown Center,2026-02-03,2026-01-29,234823.33,487982.5
Uber — Midtown Center,2026-02-04,2026-01-29,289976.4,512772.69
Uber — Midtown Center,2026-02-05,2026-01-29,304549.56,531506.16
Uber — Midtown Center,2026-02-06,2026-01-29,224226.97,305071.65
Uber — Midtown Center,2026-02-07,2026-01-29,171530.39,212369.62
Uber — Midtown Center,2026-02-08,2026-01-29,155602.31,169226.29
Uber — Midtown Center,2026-02-09,2026-01-29,216652.73,354515.71
Uber — Midtown Center,2026-02-10,2026-01-29,265759.28,478905.53
Uber — Midtown Center,2026-02-11,2026-01-29,325975.25,529989.34
Uber — Midtown Center,2026-02-12,2026-01-29,223853.19,571240.12
Uber — Midtown Center,2026-02-13,2026-01-29,198095.75,325369.51
Uber — Midtown Center,2026-02-14,2026-01-29,155862.94,253931.34
Uber — Midtown Center,2026-02-15,2026-01-29,141293.75,215185.91
Uber — Midtown Center,2026-02-16,2026-01-29,182504.0,178315.62
Uber — Midtown Center,2026-02-17,2026-01-29,307791.75,360640.03
Uber — Midtown Center,2026-02-18,2026-01-29,390955.5,508414.53
Uber — Midtown Center,2026-02-19,2026-01-29,404442.9,471979.52
Uber — Midtown Center,2026-02-20,2026-01-29,251412.86,340723.02
Uber — Midtown Center,2026-02-21,2026-01-29,181710.45,203953.73
Uber — Midtown Center,2026-02-22,2026-01-29,155119.33,122801.67
Uber — Midtown Center,2026-02-23,2026-01-29,230986.55,51296.29
Uber — Midtown Center,2026-02-24,2026-01-29,319485.75,295474.87
Uber — Midtown Center,2026-02-25,2026-01-29,496862.75,420261.79
Uber — Midtown Center,2026-02-26,2026-01-29,547202.75,487167.97
Uber — Midtown Center,2026-02-27,2026-01-29,251048.83,322298.69
Uber — Midtown Center,2026-02-28,2026-01-29,177925.55,197853.04
Uber — Midtown Center,2026-03-01,2026-01-29,147853.19,160009.91
Uber — Midtown Center,2026-03-01,2026-02-28,167318.81,160009.91
Uber — Midtown Center,2026-03-02,2026-02-28,276214.78,343400.3
Uber — Midtown Center,2026-03-03,2026-02-28,444754.47,566490.35
Uber — Midtown Center,2026-03-04,2026-02-28,589007.75,543558.49
Uber — Midtown Center,2026-03-05,2026-02-28,636114.4,701238.09
Uber — Midtown Center,2026-03-06,2026-02-28,356426.5,349157.55
Uber — Midtown Center,2026-03-07,2026-02-28,223863.88,175723.72
Uber — Midtown Center,2026-03-08,2026-02-28,179810.47,156536.69
Uber — Midtown Center,2026-03-09,2026-02-28,387600.1,317826.39
Uber — Midtown Center,2026-03-10,2026-02-28,547684.4,518017.44
Uber — Midtown Center,2026-03-11,2026-02-28,616275.6,541566.92
Uber — Midtown Center,2026-03-12,2026-02-28,626178.4,658463.25
Uber — Midtown Center,2026-03-13,2026-02-28,352631.22,342299.42
Uber — Midtown Center,2026-03-14,2026-02-28,224641.67,191595.43
Uber — Midtown Center,2026-03-15,2026-02-28,214195.12,190751.49
Uber — Midtown Center,2026-03-16,2026-02-28,375636.5,361678.58
Uber — Midtown Center,2026-03-17,2026-02-28,586270.2,372385.89
Uber — Midtown Center,2026-03-18,2026-02-28,591793.3,545769.35
Uber — Midtown Center,2026-03-19,2026-02-28,638248.0,578561.61
Uber — Midtown Center,2026-03-20,2026-02-28,371506.16,310487.42000000004
Uber — Midtown Center,2026-03-21,2026-02-28,227348.45,181006.71
Uber — Midtown Center,2026-03-22,2026-02-28,184061.11,145213.95
Uber — Midtown Center,2026-03-23,2026-02-28,366336.78,342725.33
Uber — Midtown Center,2026-03-24,2026-02-28,532153.56,440578.81
Uber — Midtown Center,2026-03-25,2026-02-28,637325.25,488331.44
Uber — Midtown Center,2026-03-26,2026-02-28,701959.75,508474.79
Uber — Midtown Center,2026-03-27,2026-02-28,391760.4,308031.43
Uber — Midtown Center,2026-03-28,2026-02-28,231168.9,212354.34
Uber — Midtown Center,2026-03-29,2026-02-28,165747.38,151690.98
Uber — Midtown Center,2026-03-30,2026-02-28,311485.4,306850.23
Uber — Midtown Center,2026-03-31,2026-02-28,466205.97,391397.19
Uber — Midtown Center,2026-03-31,2026-03-30,334273.88,391397.19
Uber — Midtown Center,2026-04-01,2026-03-30,460720.62,390621.46
Uber — Midtown Center,2026-04-02,2026-03-30,450698.38,391467.35
Uber — Midtown Center,2026-04-03,2026-03-30,285991.12,208776.2
Uber — Midtown Center,2026-04-04,2026-03-30,210155.19,191874.12
Uber — Midtown Center,2026-04-05,2026-03-30,181889.92,165482.61000000002
Uber — Midtown Center,2026-04-06,2026-03-30,345926.75,293896.8
Uber — Midtown Center,2026-04-07,2026-03-30,489462.75,405618.97
Uber — Midtown Center,2026-04-08,2026-03-30,567511.75,477126.38
Uber — Midtown Center,2026-04-09,2026-03-30,595060.0,490389.64
Uber — Midtown Center,2026-04-10,2026-03-30,348832.34,315519.67
Uber — Midtown Center,2026-04-11,2026-03-30,223934.31,196834.5
Uber — Midtown Center,2026-04-12,2026-03-30,176263.83,177470.47
Uber — Midtown Center,2026-04-13,2026-03-30,356631.97,345931.2
Uber — Midtown Center,2026-04-14,2026-03-30,516167.53,481101.31
Uber — Midtown Center,2026-04-15,2026-03-30,592557.44,530267.41
Uber — Midtown Center,2026-04-16,2026-03-30,616094.5,552330.48
Uber — Midtown Center,2026-04-17,2026-03-30,370568.9,337341.56
Uber — Midtown Center,2026-04-18,2026-03-30,220946.27,211308.46
Uber — Midtown Center,2026-04-19,2026-03-30,168772.16,188160.99
Uber — Midtown Center,2026-04-20,2026-03-30,342409.38,349995.18
Uber — Midtown Center,2026-04-21,2026-03-30,499117.38,495484.32
Uber — Midtown Center,2026-04-22,2026-03-30,591703.25,540368.87
Uber — Midtown Center,2026-04-23,2026-03-30,615108.1,572013.33
Uber — Midtown Center,2026-04-24,2026-03-30,359258.38,332960.0
Uber — Midtown Center,2026-04-25,2026-03-30,216563.94,293031.88
Uber — Midtown Center,2026-04-26,2026-03-30,165503.83,182268.02
Uber — Midtown Center,2026-04-27,2026-03-30,328788.94,345214.12
Uber — Midtown Center,2026-04-28,2026-03-30,456922.7,483746.36
Uber — Midtown Center,2026-04-29,2026-03-30,547221.75,587661.09
Uber — Midtown Center,2026-04-30,2026-03-30,555273.56,587131.26
Uber — Williamsburg,2025-12-01,2025-11-30,106226.53,99011.26
Uber — Williamsburg,2025-12-02,2025-11-30,109422.15,113972.21
Uber — Williamsburg,2025-12-03,2025-11-30,116839.62,124990.08
Uber — Williamsburg,2025-12-04,2025-11-30,134894.47,161613.77
Uber — Williamsburg,2025-12-05,2025-11-30,202734.16,180185.45
Uber — Williamsburg,2025-12-06,2025-11-30,340555.66,237489.98
Uber — Williamsburg,2025-12-07,2025-11-30,288816.2,224821.44
Uber — Williamsburg,2025-12-08,2025-11-30,106038.34,126185.54
Uber — Williamsburg,2025-12-09,2025-11-30,105513.53,130816.46
Uber — Williamsburg,2025-12-10,2025-11-30,111868.32,153160.11
Uber — Williamsburg,2025-12-11,2025-11-30,124153.09,182682.29
Uber — Williamsburg,2025-12-12,2025-11-30,163804.97,208776.5
Uber — Williamsburg,2025-12-13,2025-11-30,277234.56,304876.82
Uber — Williamsburg,2025-12-14,2025-11-30,273288.03,292214.18
Uber — Williamsburg,2025-12-15,2025-11-30,106372.91,146508.42
Uber — Williamsburg,2025-12-16,2025-11-30,106376.8,134164.91
Uber — Williamsburg,2025-12-17,2025-11-30,113709.414,142493.55
Uber — Williamsburg,2025-12-18,2025-11-30,125118.75,165380.32
Uber — Williamsburg,2025-12-19,2025-11-30,157943.44,194290.81
Uber — Williamsburg,2025-12-20,2025-11-30,233032.48,252004.82
Uber — Williamsburg,2025-12-21,2025-11-30,211820.62,180875.63
Uber — Williamsburg,2025-12-22,2025-11-30,108592.81,98988.27
Uber — Williamsburg,2025-12-23,2025-11-30,108396.61,103833.95
Uber — Williamsburg,2025-12-24,2025-11-30,117504.086,84763.98
Uber — Williamsburg,2025-12-25,2025-11-30,119714.4,50976.55
Uber — Williamsburg,2025-12-26,2025-11-30,157058.73,60637.3
Uber — Williamsburg,2025-12-27,2025-11-30,221440.53,83525.39
Uber — Williamsburg,2025-12-28,2025-11-30,215794.1,95033.26
Uber — Williamsburg,2025-12-29,2025-11-30,116050.16,79813.98
Uber — Williamsburg,2025-12-30,2025-11-30,111841.336,90447.6
Uber — Williamsburg,2025-12-31,2025-11-30,120060.44,129993.78
Uber — Williamsburg,2025-12-31,2025-12-30,119540.23,129993.78
Uber — Williamsburg,2026-01-01,2025-12-30,137723.05,273260.81
Uber — Williamsburg,2026-01-02,2025-12-30,98971.38,103183.22
Uber — Williamsburg,2026-01-03,2025-12-30,110704.75,138586.05
Uber — Williamsburg,2026-01-04,2025-12-30,108908.44,127253.57
Uber — Williamsburg,2026-01-05,2025-12-30,68390.17,80670.65
Uber — Williamsburg,2026-01-06,2025-12-30,74590.63,75761.55
Uber — Williamsburg,2026-01-07,2025-12-30,89766.54,76964.33
Uber — Williamsburg,2026-01-08,2025-12-30,93838.47,91472.86
Uber — Williamsburg,2026-01-09,2025-12-30,114928.75,120648.64
Uber — Williamsburg,2026-01-10,2025-12-30,145458.16,244609.63
Uber — Williamsburg,2026-01-11,2025-12-30,131364.81,211132.78
Uber — Williamsburg,2026-01-12,2025-12-30,72353.84,97928.24
Uber — Williamsburg,2026-01-13,2025-12-30,76566.33,97069.8
Uber — Williamsburg,2026-01-14,2025-12-30,89675.67,100755.62
Uber — Williamsburg,2026-01-15,2025-12-30,97068.7,128339.8
Uber — Williamsburg,2026-01-16,2025-12-30,126978.88,158679.96
Uber — Williamsburg,2026-01-17,2025-12-30,177936.31,231529.57
Uber — Williamsburg,2026-01-18,2025-12-30,167768.81,213043.89
Uber — Williamsburg,2026-01-19,2025-12-30,108444.8,131968.68
Uber — Williamsburg,2026-01-20,2025-12-30,71598.39,105091.37
Uber — Williamsburg,2026-01-21,2025-12-30,87301.94,105276.93
Uber — Williamsburg,2026-01-22,2025-12-30,96333.84,116349.39
Uber — Williamsburg,2026-01-23,2025-12-30,131160.06,168719.26
Uber — Williamsburg,2026-01-24,2025-12-30,184405.47,249511.08
Uber — Williamsburg,2026-01-25,2025-12-30,177523.98,82695.25
Uber — Williamsburg,2026-01-26,2025-12-30,70021.805,76679.66
Uber — Williamsburg,2026-01-27,2025-12-30,66168.27,143394.76
Uber — Williamsburg,2026-01-28,2025-12-30,82875.805,135981.89
Uber — Williamsburg,2026-01-29,2025-12-30,97625.625,153046.45
Uber — Williamsburg,2026-01-30,2025-12-30,134913.36,190005.17
Uber — Williamsburg,2026-01-30,2026-01-29,166509.08,190005.17
Uber — Williamsburg,2026-01-31,2026-01-29,135457.12,256329.41
Uber — Williamsburg,2026-02-01,2026-01-29,181508.39,226841.61
Uber — Williamsburg,2026-02-02,2026-01-29,123265.1,117003.75
Uber — Williamsburg,2026-02-03,2026-01-29,122114.8,108183.93
Uber — Williamsburg,2026-02-04,2026-01-29,126058.164,115955.46
Uber — Williamsburg,2026-02-05,2026-01-29,132607.45,126945.45
Uber — Williamsburg,2026-02-06,2026-01-29,158441.31,156093.03
Uber — Williamsburg,2026-02-07,2026-01-29,206391.31,298966.34
Uber — Williamsburg,2026-02-08,2026-01-29,210373.92,256574.22
Uber — Williamsburg,2026-02-09,2026-01-29,97991.03,131744.52
Uber — Williamsburg,2026-02-10,2026-01-29,94726.33,111975.51
Uber — Williamsburg,2026-02-11,2026-01-29,100541.07,125036.95
Uber — Williamsburg,2026-02-12,2026-01-29,90461.29,146749.16
Uber — Williamsburg,2026-02-13,2026-01-29,135815.47,180543.78
Uber — Williamsburg,2026-02-14,2026-01-29,257995.64,250206.71
Uber — Williamsburg,2026-02-15,2026-01-29,184729.58,204813.8
Uber — Williamsburg,2026-02-16,2026-01-29,94427.664,115477.91
Uber — Williamsburg,2026-02-17,2026-01-29,91960.65,94702.31
Uber — Williamsburg,2026-02-18,2026-01-29,97599.65,107568.6
Uber — Williamsburg,2026-02-19,2026-01-29,116361.51,114511.93
Uber — Williamsburg,2026-02-20,2026-01-29,148626.11,160378.43
Uber — Williamsburg,2026-02-21,2026-01-29,294722.47,249093.93
Uber — Williamsburg,2026-02-22,2026-01-29,278450.0,170903.56
Uber — Williamsburg,2026-02-23,2026-01-29,87164.5,16905.42
Uber — Williamsburg,2026-02-24,2026-01-29,91412.39,112360.46
Uber — Williamsburg,2026-02-25,2026-01-29,121015.47,128421.38
Uber — Williamsburg,2026-02-26,2026-01-29,128233.21,134192.61
Uber — Williamsburg,2026-02-27,2026-01-29,166797.14,160839.94
Uber — Williamsburg,2026-02-28,2026-01-29,177500.48,246843.78
Uber — Williamsburg,2026-03-01,2026-01-29,119296.33,205741.08
Uber — Williamsburg,2026-03-01,2026-02-28,111409.34,205741.08
Uber — Williamsburg,2026-03-02,2026-02-28,108190.17,100369.09
Uber — Williamsburg,2026-03-03,2026-02-28,115152.22,118102.38
Uber — Williamsburg,2026-03-04,2026-02-28,129703.96,108686.19
Uber — Williamsburg,2026-03-05,2026-02-28,138498.36,161112.37
Uber — Williamsburg,2026-03-06,2026-02-28,157580.47,159424.9
Uber — Williamsburg,2026-03-07,2026-02-28,222409.9,242581.57
Uber — Williamsburg,2026-03-08,2026-02-28,197117.73,201569.62
Uber — Williamsburg,2026-03-09,2026-02-28,113444.58,109165.96
Uber — Williamsburg,2026-03-10,2026-02-28,114477.45,103273.94
Uber — Williamsburg,2026-03-11,2026-02-28,120319.1,121699.98
Uber — Williamsburg,2026-03-12,2026-02-28,135545.12,151651.8
Uber — Williamsburg,2026-03-13,2026-02-28,164138.5,158811.65
Uber — Williamsburg,2026-03-14,2026-02-28,273888.7,273526.62
Uber — Williamsburg,2026-03-15,2026-02-28,216550.28,209901.07
Uber — Williamsburg,2026-03-16,2026-02-28,113186.15,123243.77
Uber — Williamsburg,2026-03-17,2026-02-28,113729.5,111492.66
Uber — Williamsburg,2026-03-18,2026-02-28,122192.56,129972.16
Uber — Williamsburg,2026-03-19,2026-02-28,145119.34,135662.33
Uber — Williamsburg,2026-03-20,2026-02-28,190771.84,181211.75
Uber — Williamsburg,2026-03-21,2026-02-28,314644.56,270123.82
Uber — Williamsburg,2026-03-22,2026-02-28,234073.56,202349.13
Uber — Williamsburg,2026-03-23,2026-02-28,105807.3,120120.29
Uber — Williamsburg,2026-03-24,2026-02-28,108184.78,104866.83
Uber — Williamsburg,2026-03-25,2026-02-28,126844.53,116446.89
Uber — Williamsburg,2026-03-26,2026-02-28,135957.56,145909.63
Uber — Williamsburg,2026-03-27,2026-02-28,158396.7,161361.76
Uber — Williamsburg,2026-03-28,2026-02-28,222254.5,258901.01
Uber — Williamsburg,2026-03-29,2026-02-28,172033.38,213000.5
Uber — Williamsburg,2026-03-30,2026-02-28,108225.625,112715.75
Uber — Williamsburg,2026-03-31,2026-02-28,107887.984,102552.16
Uber — Williamsburg,2026-03-31,2026-03-30,112150.14,102552.16
Uber — Williamsburg,2026-04-01,2026-03-30,121506.734,113731.7
Uber — Williamsburg,2026-04-02,2026-03-30,133927.17,130629.47
Uber — Williamsburg,2026-04-03,2026-03-30,154351.38,154385.13
Uber — Williamsburg,2026-04-04,2026-03-30,240062.6,257433.05
Uber — Williamsburg,2026-04-05,2026-03-30,224199.81,172189.78
Uber — Williamsburg,2026-04-06,2026-03-30,112825.89,96669.89
Uber — Williamsburg,2026-04-07,2026-03-30,112749.09,97651.16
Uber — Williamsburg,2026-04-08,2026-03-30,128114.2,111850.13
Uber — Williamsburg,2026-04-09,2026-03-30,146406.83,134941.01
Uber — Williamsburg,2026-04-10,2026-03-30,172231.66,155935.9
Uber — Williamsburg,2026-04-11,2026-03-30,264270.47,233838.39
Uber — Williamsburg,2026-04-12,2026-03-30,221240.73,202043.26
Uber — Williamsburg,2026-04-13,2026-03-30,110988.61,110410.51
Uber — Williamsburg,2026-04-14,2026-03-30,110174.45,105339.35
Uber — Williamsburg,2026-04-15,2026-03-30,127336.04,121229.49
Uber — Williamsburg,2026-04-16,2026-03-30,147984.78,150691.3
Uber — Williamsburg,2026-04-17,2026-03-30,169607.97,164264.73
Uber — Williamsburg,2026-04-18,2026-03-30,252082.98,285692.55
Uber — Williamsburg,2026-04-19,2026-03-30,218374.34,228764.21
Uber — Williamsburg,2026-04-20,2026-03-30,112613.11,106816.94
Uber — Williamsburg,2026-04-21,2026-03-30,110676.42,111594.74
Uber — Williamsburg,2026-04-22,2026-03-30,130643.56,124065.59
Uber — Williamsburg,2026-04-23,2026-03-30,149414.98,145401.61
Uber — Williamsburg,2026-04-24,2026-03-30,170344.03,175037.05
Uber — Williamsburg,2026-04-25,2026-03-30,248658.28,318204.93
Uber — Williamsburg,2026-04-26,2026-03-30,211149.95,230698.99
Uber — Williamsburg,2026-04-27,2026-03-30,111696.555,108827.82
Uber — Williamsburg,2026-04-28,2026-03-30,110379.34,107000.02
Uber — Williamsburg,2026-04-29,2026-03-30,125848.47,131500.46
Uber — Williamsburg,2026-04-30,2026-03-30,146265.86,157057.13
